PLAYER_NAME,TEAM_ABBREVIATION,AGE,RA_FGM,RA_FGA,PAINT_FGM,PAINT_FGA,MID_FGM,MID_FGA,LC3_FGM,LC3_FGA,RC3_FGM,RC3_FGA,ATB3_FGM,ATB3_FGA,FGM,FGA
A.J. Lawson,DAL,23,38,53,1,15,2,3,4,17,4,15,5,18,54,121
AJ Green,MIL,24,6,7,0,4,8,16,12,24,6,15,51,130,83,196
AJ Griffin,ATL,20,3,5,3,12,2,6,1,6,1,3,8,30,18,62
Aaron Gordon,DEN,28,328,463,19,78,11,37,7,29,13,27,20,81,398,715
Aaron Holiday,HOU,27,46,71,33,84,23,45,7,18,16,31,61,167,186,416
Aaron Nesmith,IND,24,121,186,38,86,16,30,25,60,38,86,77,187,315,635
Aaron Wiggins,OKC,25,120,181,27,54,3,16,18,45,3,8,41,73,212,377
Al Horford,BOS,38,77,102,22,45,7,14,19,44,28,61,61,153,214,419
Alec Burks,NYK,32,28,65,29,87,29,87,18,51,19,47,87,232,210,569
Aleksej Pokusevski,CHA,22,24,33,5,19,2,14,1,8,2,9,15,38,49,121
Alex Caruso,CHI,30,81,128,27,57,9,24,24,62,27,63,85,207,253,541
Alex Len,SAC,31,36,48,12,27,2,3,0,1,0,0,0,2,50,81
Alperen Sengun,HOU,21,299,450,165,343,30,78,0,1,0,1,33,107,527,980
Amen Thompson,HOU,21,192,281,31,80,8,27,0,6,2,12,6,39,239,445
Amir Coffey,LAC,27,50,67,36,68,10,33,18,43,23,56,29,82,166,349
Andre Drummond,CHI,30,225,373,40,101,2,3,0,0,0,0,0,0,267,477
Andre Jackson Jr.,MIL,22,21,31,8,19,4,4,4,12,6,18,7,16,50,100
Andrew Nembhard,IND,24,88,125,61,129,50,97,13,24,15,30,33,117,260,522
Andrew Wiggins,GSW,29,129,206,88,201,45,119,15,33,2,16,74,204,353,779
Anfernee Simons,POR,25,94,163,67,150,43,119,5,18,5,15,146,372,360,837
Anthony Black,ORL,20,60,92,10,30,8,31,7,20,13,28,17,46,115,247
Anthony Davis,LAL,31,434,576,164,379,86,221,3,17,0,1,26,89,713,1283
Anthony Edwards,MIN,22,292,423,131,304,105,299,12,32,6,20,172,475,718,1553
Anthony Gill,WAS,31,48,74,16,42,1,3,1,9,0,5,9,27,75,160
Ashton Hagans,POR,24,16,26,5,19,0,1,1,2,1,1,6,22,29,71
Ausar Thompson,DET,21,154,235,42,92,15,40,5,31,10,35,6,43,232,476
Austin Reaves,LAL,26,160,215,93,191,50,114,10,36,11,27,133,354,457,937
Ayo Dosunmu,CHI,24,169,267,46,99,26,58,20,57,37,95,62,142,360,718
Bam Adebayo,MIA,26,213,313,237,473,65,189,0,1,3,6,12,35,530,1017
Ben Sheppard,IND,22,33,50,4,17,4,6,12,34,21,49,16,73,90,229
Ben Simmons,BKN,27,38,54,5,18,0,2,0,0,0,0,0,0,43,74
Bennedict Mathurin,IND,22,125,235,56,145,35,69,6,13,5,12,69,189,296,663
Bilal Coulibaly,WAS,19,103,163,15,58,6,26,18,42,19,54,27,89,188,432
Bismack Biyombo,OKC,31,49,73,25,57,0,1,0,0,0,0,0,0,74,131
Blake Wesley,SAS,21,65,110,23,37,2,13,1,5,7,13,4,35,102,213
Bobby Portis,MIL,29,154,228,106,210,106,234,22,58,21,50,57,138,466,918
Bogdan Bogdanović,ATL,31,95,177,86,177,50,104,28,72,30,72,182,493,471,1095
Bojan Bogdanovic,NYK,35,67,114,57,115,52,118,17,45,25,55,91,234,309,681
Bol Bol,PHX,24,29,32,32,43,10,24,7,18,6,15,9,19,93,151
Bones Hyland,LAC,23,29,50,18,45,6,21,4,9,2,9,38,116,97,250
Bradley Beal,PHX,31,144,207,70,149,62,144,15,34,17,40,69,161,377,735
Brandin Podziemski,GSW,21,94,140,77,191,10,32,9,29,10,20,71,184,271,596
Brandon Boston,LAC,22,25,42,14,36,12,31,3,7,2,8,9,37,65,161
Brandon Clarke,MEM,27,11,18,18,28,3,7,1,1,0,3,0,2,33,59
Brandon Ingram,NOP,26,129,179,117,248,168,348,4,12,8,21,74,207,500,1015
Brandon Miller,CHA,21,115,183,87,219,90,188,17,47,20,47,147,395,476,1079
Brandon Williams,DAL,24,11,20,2,12,4,7,0,0,0,2,3,13,20,54
Brice Sensabaugh,UTA,20,13,22,26,55,12,26,7,20,5,14,22,81,85,218
Brook Lopez,MIL,36,164,221,42,96,12,34,7,23,17,36,124,345,366,755
Bruce Brown,TOR,27,128,177,72,182,25,59,8,22,14,43,31,98,278,581
Bruno Fernando,ATL,25,90,130,19,50,0,3,0,0,0,0,0,4,109,187
Bryce McGowens,CHA,21,50,86,10,24,7,18,3,13,14,28,17,61,101,230
Buddy Hield,PHI,31,104,170,26,61,22,51,28,63,20,44,171,461,371,850
CJ McCollum,NOP,32,82,151,105,218,58,129,11,26,20,42,208,489,484,1055
Cade Cunningham,DET,22,168,302,116,277,121,252,5,20,11,25,103,286,524,1162
Caleb Houstan,ORL,21,5,7,2,3,1,3,16,42,14,33,42,118,80,206
Caleb Martin,MIA,28,93,158,42,98,25,71,17,46,16,48,48,136,241,557
Cam Reddish,LAL,24,45,81,7,27,2,16,14,31,9,37,14,42,91,234
Cam Thomas,BKN,22,124,206,140,313,118,275,18,37,10,21,116,337,526,1189
Cam Whitmore,HOU,19,100,159,23,61,10,27,9,25,7,18,63,175,212,465
Cameron Johnson,BKN,28,83,127,33,76,22,63,29,64,26,56,83,232,276,618
Cameron Payne,PHI,29,39,85,46,87,19,42,2,12,7,24,95,230,208,480
Caris LeVert,CLE,29,145,249,65,187,27,52,14,43,8,25,86,262,345,818
Cason Wallace,OKC,20,81,110,20,57,18,41,28,61,27,62,43,111,217,442
Cedi Osman,SAS,29,74,100,18,46,6,17,11,24,14,30,61,167,184,384
Chet Holmgren,OKC,22,247,339,98,192,31,73,10,30,2,9,117,308,505,951
Chimezie Metu,DET,27,64,83,24,51,7,16,6,15,4,16,18,63,123,244
Chris Boucher,TOR,31,69,97,8,20,2,6,4,20,7,23,20,51,110,217
Chris Duarte,SAC,27,23,38,9,23,4,22,11,28,6,16,27,82,80,209
Chris Paul,GSW,39,12,14,45,85,71,159,5,22,4,15,69,168,206,463
Christian Braun,DEN,23,125,212,26,82,8,25,11,34,7,24,45,105,222,482
Christian Wood,LAL,28,64,85,19,51,5,14,5,13,4,14,26,87,123,264
Chuma Okeke,ORL,25,13,19,3,6,1,5,8,13,2,12,13,56,40,111
Clint Capela,ATL,30,295,485,57,128,1,4,0,0,0,0,0,0,353,617
Coby White,CHI,24,212,338,70,184,50,131,22,46,9,29,178,477,541,1205
Cody Martin,CHA,28,39,60,7,25,9,44,7,22,4,10,16,54,82,215
Cody Zeller,NOP,31,22,47,3,11,0,1,0,0,0,0,1,3,26,62
Colby Jones,SAC,22,10,19,14,25,2,5,1,6,0,2,1,14,28,71
Cole Anthony,ORL,24,92,150,92,195,55,143,14,35,5,23,74,214,332,760
Collin Gillespie,DEN,25,8,14,4,8,5,9,1,2,1,2,13,34,32,69
Collin Sexton,UTA,25,196,283,146,339,36,91,21,44,12,32,95,247,506,1036
Corey Kispert,WAS,25,146,192,44,100,12,22,22,58,18,50,144,370,386,792
Cory Joseph,GSW,32,3,5,4,9,3,8,1,5,4,8,8,28,23,63
Craig Porter Jr.,CLE,24,50,82,30,60,24,52,1,3,0,3,11,27,116,227
D'Angelo Russell,LAL,28,123,177,90,224,53,134,18,46,10,27,198,467,492,1075
Dalano Banton,POR,24,98,158,39,109,6,34,4,13,6,18,49,168,202,500
Dalen Terry,CHI,21,45,65,6,14,1,4,5,15,6,19,6,39,69,156
Damian Jones,CLE,29,31,39,6,11,3,8,1,3,1,3,1,8,43,72
Damian Lillard,MIL,33,189,315,59,161,73,179,5,21,6,16,209,578,541,1270
Daniel Gafford,DAL,25,298,378,44,92,6,10,0,0,0,0,0,0,348,480
Daniel Theis,LAC,32,97,140,30,66,3,16,2,11,4,8,20,51,156,292
Danilo Gallinari,MIL,35,26,34,10,24,17,39,1,3,4,7,25,83,83,190
Dante Exum,DAL,28,82,124,22,59,4,11,10,25,11,22,32,59,161,300
Danuel House Jr.,PHI,31,27,40,2,9,3,6,2,9,7,17,6,22,47,103
Dario Saric,GSW,30,65,87,33,80,9,24,5,15,1,10,68,172,181,388
Darius Garland,CLE,24,107,180,85,194,51,111,11,25,11,27,110,304,375,841
David Roddy,PHX,23,91,154,23,71,3,20,10,31,9,22,29,110,165,408
Davion Mitchell,SAC,25,50,70,22,57,17,38,14,29,7,18,36,111,146,323
Davis Bertans,CHA,31,10,19,2,3,4,12,9,28,8,19,59,152,92,233
Day'Ron Sharpe,BKN,22,144,224,20,50,0,5,0,0,1,4,3,11,168,294
De'Aaron Fox,SAC,26,175,262,249,486,82,221,25,52,10,31,179,496,720,1548
De'Andre Hunter,ATL,26,83,130,49,109,55,120,22,55,19,46,76,203,304,663
De'Anthony Melton,PHI,26,43,87,12,38,7,21,8,22,5,19,64,173,139,360
DeAndre Jordan,DEN,35,54,81,4,11,0,1,0,0,0,0,0,0,58,93
DeJon Jarreau,MEM,26,7,14,6,16,0,7,0,2,0,0,4,11,17,50
DeMar DeRozan,CHI,34,195,301,144,280,235,547,20,45,8,26,48,155,650,1354
Dean Wade,CLE,27,13,18,1,5,3,7,12,35,19,41,48,126,96,232
Deandre Ayton,POR,25,186,248,131,278,109,213,0,1,1,3,0,5,427,748
Dejounte Murray,ATL,27,179,308,164,341,128,260,35,81,24,55,142,417,672,1462
Delon Wright,MIA,32,31,55,14,47,4,18,3,7,2,11,20,49,74,187
Deni Avdija,WAS,23,246,349,57,177,15,42,13,33,18,33,57,166,406,800
Dennis Schröder,BKN,30,133,231,59,162,73,166,13,38,13,27,112,298,403,922
Dennis Smith Jr.,BKN,26,93,149,13,51,9,29,3,15,12,25,17,68,147,337
Dereck Lively II,DAL,20,197,245,23,47,1,2,0,1,0,1,0,0,221,296
Derrick Jones Jr.,DAL,27,128,188,26,60,3,8,25,75,25,73,32,91,239,495
Derrick Rose,MEM,35,32,50,16,49,13,25,3,8,4,7,8,26,76,165
Derrick White,BOS,29,101,137,72,162,18,45,17,45,27,66,152,384,387,839
Desmond Bane,MEM,26,137,200,44,115,42,100,14,28,11,27,112,304,360,774
Devin Booker,PHX,27,154,222,152,287,184,378,12,28,6,8,134,382,642,1305
Devin Vassell,SAS,23,142,199,86,163,104,248,21,49,23,41,122,354,498,1054
Devonte' Graham,SAS,29,7,11,3,8,3,6,1,7,2,5,22,70,38,107
Dillon Brooks,HOU,28,111,178,60,160,26,61,13,36,13,26,106,305,329,766
Domantas Sabonis,SAC,28,425,610,143,299,33,72,0,2,1,3,32,82,634,1068
Dominick Barlow,SAS,21,30,52,14,31,9,21,0,1,3,7,0,1,56,113
Donovan Mitchell,CLE,27,176,264,65,160,80,171,3,13,5,13,174,467,503,1088
Donte DiVincenzo,NYK,27,110,190,40,85,12,24,44,106,42,81,196,515,444,1001
Dorian Finney-Smith,BKN,31,84,131,12,35,2,9,23,61,20,63,74,210,215,509
Doug McDermott,IND,32,17,30,5,12,7,13,13,34,7,15,74,180,123,284
Draymond Green,GSW,34,94,140,35,88,5,15,6,20,11,21,34,88,185,372
Drew Eubanks,PHX,27,110,151,38,90,1,9,2,2,1,1,0,0,152,253
Duncan Robinson,MIA,30,72,103,39,84,6,15,21,57,27,58,139,356,304,673
Duop Reath,POR,28,99,150,39,96,4,8,8,21,13,25,67,199,230,499
Dwight Powell,DAL,32,67,92,4,11,0,0,0,0,1,2,0,1,72,106
Dyson Daniels,NOP,21,56,90,37,78,4,8,6,15,14,38,22,78,139,307
Eric Gordon,PHX,35,92,133,29,77,3,11,9,26,25,57,116,313,274,617
Eugene Omoruyi,WAS,27,56,88,10,28,2,5,0,2,0,6,13,38,81,167
Evan Fournier,DET,31,10,18,22,41,14,32,8,21,2,19,23,90,79,221
Evan Mobley,CLE,23,215,293,75,168,8,32,3,10,6,16,13,33,320,552
Franz Wagner,ORL,22,308,456,110,259,16,47,6,25,3,16,85,289,528,1092
Fred VanVleet,HOU,30,62,128,53,127,81,177,15,28,12,27,200,523,423,1010
Furkan Korkmaz,PHI,26,11,17,4,12,1,7,0,2,2,2,12,36,30,76
GG Jackson,MEM,19,110,178,20,67,9,32,17,33,15,33,70,219,241,562
Garrett Temple,TOR,38,17,30,0,3,0,5,6,15,2,6,4,19,29,78
Garrison Mathews,ATL,27,8,12,4,13,6,8,11,30,20,36,54,127,103,226
Gary Harris,ORL,29,34,49,14,27,7,16,25,59,12,32,39,113,131,296
Gary Payton II,GSW,31,66,91,17,36,0,1,6,21,7,16,7,18,103,183
Gary Trent Jr.,TOR,25,70,114,55,131,58,149,20,52,10,27,148,374,361,847
Georges Niang,CLE,31,59,90,58,114,18,32,24,79,26,64,99,253,284,632
Giannis Antetokounmpo,MIL,29,661,853,81,218,61,174,0,3,0,0,34,120,837,1368
Goga Bitadze,ORL,24,111,166,13,25,0,4,0,1,0,3,2,10,126,209
Gordon Hayward,OKC,34,70,108,40,105,40,100,6,16,6,12,25,62,187,403
Gradey Dick,TOR,20,60,100,17,43,24,61,24,47,20,47,44,144,189,442
Grant Williams,CHA,25,101,137,36,94,13,38,19,69,23,45,84,221,276,604
Grayson Allen,PHX,28,100,149,33,78,2,10,48,85,17,50,140,310,340,682
Gui Santos,GSW,22,15,21,3,7,0,0,2,4,2,4,6,19,28,55
Harrison Barnes,SAC,32,107,155,67,143,24,49,37,93,31,73,81,219,347,732
Harry Giles III,LAL,26,16,24,2,7,2,5,1,1,0,4,2,9,23,50
Haywood Highsmith,MIA,27,47,78,25,45,5,14,22,47,14,37,40,108,153,329
Herbert Jones,NOP,25,144,214,24,70,11,30,23,68,47,82,44,123,293,587
Immanuel Quickley,TOR,25,81,125,92,218,44,118,11,36,15,52,145,345,388,894
Isaac Okoro,CLE,23,126,204,22,58,3,3,21,51,34,89,29,74,235,479
Isaiah Hartenstein,NYK,26,179,258,49,94,6,10,0,0,0,0,1,3,235,365
Isaiah Jackson,IND,22,134,180,16,42,5,7,0,0,0,2,0,2,155,233
Isaiah Joe,OKC,24,35,48,10,23,30,61,26,53,8,27,113,271,222,483
Isaiah Livers,DET,25,14,23,1,5,3,11,3,10,6,19,13,47,40,115
Isaiah Stewart,DET,23,91,143,25,54,3,10,9,32,14,32,44,111,186,382
Ish Smith,CHA,35,19,44,23,60,20,46,1,1,0,0,3,6,66,157
Ivica Zubac,LAC,27,212,317,124,198,1,4,0,0,0,0,0,0,337,519
JT Thor,CHA,21,43,70,4,17,5,15,6,23,8,20,14,38,80,183
Ja Morant,MEM,24,38,58,24,46,4,15,1,2,0,3,13,46,80,170
JaVale McGee,SAC,36,57,75,20,45,1,5,0,0,0,0,1,7,79,132
Jabari Smith Jr.,HOU,21,132,191,55,132,53,130,13,29,20,44,105,302,378,828
Jabari Walker,POR,21,159,244,26,98,8,28,15,32,5,35,21,71,234,508
Jacob Gilyard,BKN,25,2,6,2,4,5,14,12,19,3,11,36,94,60,148
Jaden Hardy,DAL,21,53,94,38,99,23,62,13,34,8,24,60,162,195,475
Jaden Ivey,DET,22,172,291,85,218,36,95,15,54,13,29,96,280,417,967
Jaden McDaniels,MIN,23,127,171,66,133,28,69,33,89,25,70,28,94,307,626
Jaden Springer,BOS,21,30,49,13,39,6,12,4,11,1,11,5,26,59,148
Jae Crowder,MIL,33,26,39,15,32,15,33,16,44,14,33,28,88,114,269
Jae'Sean Tate,HOU,28,64,102,21,44,0,6,8,30,6,14,9,33,108,229
Jaime Jaquez Jr.,MIA,23,166,254,91,192,19,50,22,59,13,49,30,90,341,694
Jake LaRavia,MEM,22,42,84,19,51,4,12,7,15,5,13,41,127,118,302
Jakob Poeltl,TOR,28,175,233,65,130,8,15,0,0,0,0,0,0,248,378
Jalen Brunson,NYK,27,169,284,276,524,134,314,9,21,24,51,178,453,790,1647
Jalen Duren,DET,20,279,385,66,153,4,22,0,0,0,0,0,4,349,564
Jalen Green,HOU,22,237,384,52,159,73,184,12,29,10,29,179,544,563,1329
Jalen Johnson,ATL,22,192,284,79,183,17,35,9,29,9,32,53,138,359,701
Jalen McDaniels,TOR,26,29,51,23,55,1,12,2,8,4,14,6,49,65,189
Jalen Smith,IND,24,138,184,26,47,9,20,1,6,9,18,51,119,234,394
Jalen Suggs,ORL,23,124,183,35,82,24,64,24,59,15,45,114,280,336,713
Jalen Williams,OKC,23,216,307,136,279,81,166,7,12,6,14,90,215,536,993
Jalen Wilson,BKN,23,33,51,13,42,6,12,4,12,7,17,13,43,76,177
Jamal Cain,MIA,25,12,21,6,18,5,9,2,10,3,9,6,12,34,79
Jamal Murray,DEN,27,128,208,82,184,119,253,9,24,2,15,134,300,474,984
James Harden,LAC,34,93,145,48,136,25,53,4,16,11,22,171,450,352,822
James Wiseman,DET,23,137,178,42,103,8,22,0,0,0,0,0,1,187,304
Jarace Walker,IND,20,10,22,6,16,7,17,1,8,3,4,18,43,45,110
Jared Butler,WAS,23,49,62,20,49,5,12,5,8,2,5,17,62,98,198
Jared Rhoden,DET,24,8,10,6,10,7,15,2,7,4,7,6,16,33,65
Jaren Jackson Jr.,MEM,24,200,339,188,429,11,27,6,31,12,26,99,301,516,1153
Jarred Vanderbilt,LAL,25,48,72,3,14,0,1,2,7,6,14,0,5,59,113
Jarrett Allen,CLE,26,369,513,124,246,26,54,0,1,0,1,0,4,519,819
Javon Freeman-Liberty,TOR,24,26,46,17,31,2,5,3,6,1,6,6,30,55,124
Javonte Green,CHI,30,30,40,5,8,0,0,2,8,4,9,4,10,45,75
Jaxson Hayes,LAL,24,110,137,15,27,1,3,0,0,0,1,0,6,126,174
Jaylen Brown,BOS,27,265,398,137,264,80,184,18,46,15,42,112,322,627,1256
Jaylen Nowell,SAC,24,5,11,11,21,12,17,0,2,1,3,5,23,34,77
Jaylin Williams,OKC,22,31,49,8,25,3,10,9,23,3,11,41,110,95,228
Jayson Tatum,BOS,26,283,398,68,182,92,237,7,22,7,20,215,567,672,1426
Jeff Green,HOU,37,68,97,33,75,13,34,11,33,14,41,28,82,167,362
Jerami Grant,POR,30,144,250,61,183,67,141,21,53,26,49,64,174,383,850
Jeremiah Robinson-Earl,NOP,23,23,37,4,10,5,9,5,11,3,11,5,17,45,95
Jeremy Sochan,SAS,21,193,316,63,181,14,52,13,37,11,38,46,148,340,772
Jericho Sims,NYK,25,37,48,1,7,0,0,0,0,0,0,0,0,38,55
Jevon Carter,CHI,28,7,20,20,46,34,65,16,37,7,24,54,172,138,364
Jimmy Butler III,MIA,34,179,280,107,225,50,143,14,33,19,40,27,72,396,793
Jock Landale,HOU,28,61,102,27,48,8,16,0,3,1,1,9,36,106,206
Joe Ingles,ORL,36,16,27,12,37,1,2,5,15,12,19,53,125,99,225
Joel Embiid,PHI,30,172,246,101,211,123,255,2,4,2,3,50,130,450,849
John Collins,UTA,26,218,289,75,168,18,57,13,34,25,69,48,129,397,746
John Konchar,MEM,28,47,78,3,9,0,1,11,41,6,19,21,60,88,208
Johnny Davis,WAS,22,35,63,10,33,3,18,5,9,2,9,7,21,62,153
Johnny Juzang,UTA,23,8,11,10,20,1,2,10,19,4,19,18,39,51,110
Jonas Valančiūnas,NOP,32,208,297,103,194,54,108,2,12,2,12,33,96,402,719
Jonathan Isaac,ORL,26,89,131,3,10,12,33,15,30,10,26,17,55,146,285
Jonathan Kuminga,GSW,21,256,351,114,255,33,91,12,27,9,25,32,112,456,861
Jontay Porter,DET,24,15,27,4,12,1,5,1,2,2,3,17,55,40,104
Jordan Clarkson,UTA,32,80,136,131,284,34,86,8,20,9,22,75,260,337,808
Jordan Goodwin,MEM,25,53,104,27,84,19,53,5,19,8,18,29,104,141,382
Jordan Hawkins,NOP,22,23,44,16,44,26,70,20,36,14,38,75,222,174,454
Jordan McLaughlin,MIN,28,21,36,4,14,3,6,6,18,13,26,22,44,69,144
Jordan Nwora,TOR,25,62,94,23,51,9,23,7,20,7,19,30,90,138,297
Jordan Poole,WAS,25,164,241,80,208,62,173,13,35,8,30,163,495,490,1182
Jose Alvarado,NOP,26,36,62,24,65,4,11,14,28,15,32,49,146,142,344
Josh Giddey,OKC,21,194,318,94,224,32,62,25,65,10,31,47,147,402,847
Josh Green,DAL,23,84,117,14,50,9,20,20,53,26,67,26,67,179,374
Josh Hart,NYK,29,157,244,47,129,11,48,8,26,14,39,58,192,295,678
Josh Okogie,PHX,25,45,82,11,26,1,4,12,34,6,26,11,34,86,206
Josh Richardson,MIA,30,37,56,34,61,17,40,12,26,6,20,48,143,154,346
Jrue Holiday,BOS,34,95,148,68,142,30,77,30,51,25,40,83,230,331,688
Jules Bernard,WAS,24,14,25,3,7,1,3,2,3,1,2,8,24,29,64
Julian Champagnie,SAS,23,54,86,7,30,2,9,19,49,14,44,68,184,164,402
Julian Phillips,CHI,20,17,34,1,2,2,3,3,9,7,13,2,16,32,77
Julian Strawther,DEN,22,21,37,16,37,4,10,3,10,3,6,35,122,82,222
Julius Randle,NYK,29,180,267,101,234,38,91,8,19,11,18,57,207,395,836
Justin Champagnie,WAS,23,17,27,2,4,0,2,2,13,3,8,7,23,31,77
Justin Holiday,DEN,35,20,31,1,2,12,25,16,33,18,37,21,66,88,194
Justin Minaya,POR,25,10,21,0,4,0,0,3,7,1,5,8,37,22,74
Jusuf Nurkić,PHX,29,229,383,64,140,5,14,1,6,0,3,21,81,320,627
KJ Martin,PHI,23,78,125,11,27,0,1,5,10,1,5,2,13,97,181
Karl-Anthony Towns,MIN,28,196,317,112,218,35,89,9,21,3,8,124,297,479,950
Kawhi Leonard,LAC,33,180,244,179,317,111,265,16,38,14,31,110,267,610,1162
Keegan Murray,SAC,23,124,176,82,153,54,135,29,79,13,55,141,376,443,974
Keita Bates-Diop,BKN,28,40,70,9,22,2,5,8,24,6,20,7,25,72,166
Keldon Johnson,SAS,24,174,289,72,168,18,38,21,58,16,59,90,249,391,861
Kelly Olynyk,TOR,33,153,210,45,85,18,47,6,11,7,18,47,126,276,497
Kelly Oubre Jr.,PHI,28,207,328,62,174,17,51,18,45,15,60,68,220,387,878
Kenneth Lofton Jr.,UTA,21,15,20,9,18,5,16,0,2,1,2,6,20,36,78
Kenrich Williams,OKC,29,60,88,10,26,5,25,14,24,7,23,35,93,131,279
Kentavious Caldwell-Pope,DEN,31,74,125,20,46,51,108,21,59,30,62,74,187,270,587
Keon Ellis,SAC,24,18,30,12,19,7,15,10,29,9,24,51,114,107,231
Kessler Edwards,SAC,23,10,18,2,6,2,6,4,12,5,10,11,30,34,82
Kevin Durant,PHX,35,168,217,164,327,251,485,17,34,15,34,136,339,751,1436
Kevin Huerter,SAC,25,73,100,41,87,11,32,11,30,16,32,96,279,248,560
Kevin Knox II,POR,24,35,49,13,28,7,15,5,11,7,25,19,58,86,186
Kevin Love,MIA,35,41,59,26,42,7,14,5,18,4,17,75,208,158,358
Kevon Looney,GSW,28,106,151,27,65,6,16,0,0,0,0,0,0,139,232
Keyonte George,UTA,20,55,92,83,186,34,97,14,34,7,24,126,379,319,812
Khris Middleton,MIL,32,52,78,58,125,113,193,17,33,5,17,72,197,317,643
Killian Hayes,DET,22,18,25,42,98,35,86,6,10,2,11,14,53,117,283
Kira Lewis Jr.,UTA,23,18,30,10,20,2,9,0,3,0,5,4,25,34,92
Klay Thompson,GSW,34,70,93,49,119,103,230,14,46,23,46,231,597,490,1131
Kobe Brown,LAC,24,19,28,3,12,1,2,2,3,2,12,10,33,37,90
Kobe Bufkin,ATL,20,6,12,8,16,11,24,0,5,1,5,8,30,34,92
Kris Dunn,UTA,30,49,76,55,119,2,7,10,19,6,21,25,70,147,312
Kris Murray,POR,23,75,122,21,57,0,4,11,41,17,50,21,91,145,365
Kristaps Porziņģis,BOS,28,157,213,89,174,32,72,1,2,0,6,109,283,388,750
Kyle Anderson,MIN,30,63,106,106,246,19,33,5,16,5,19,1,12,199,432
Kyle Kuzma,WAS,28,256,335,140,351,61,177,24,66,20,43,107,340,608,1312
Kyle Lowry,PHI,38,30,51,24,52,11,24,20,44,8,21,70,183,163,375
Kyrie Irving,DAL,32,131,209,145,274,113,227,19,39,17,34,137,347,562,1130
LaMelo Ball,CHA,22,65,116,44,92,4,18,9,22,7,10,54,165,183,423
Lamar Stevens,MEM,26,52,88,31,75,11,31,4,16,2,10,8,19,108,239
Landry Shamet,WAS,27,33,52,14,33,18,32,5,17,15,30,33,110,118,274
Larry Nance Jr.,NOP,31,84,117,22,49,5,10,8,14,8,24,11,24,138,238
Lauri Markkanen,UTA,27,143,206,84,186,25,59,21,45,15,38,139,355,427,889
LeBron James,LAL,39,401,547,81,194,54,165,7,21,13,23,129,318,685,1268
Leaky Black,CHA,25,12,21,2,7,2,4,3,6,2,4,4,10,25,52
Lester Quinones,GSW,23,14,23,6,20,4,10,4,9,4,8,23,69,55,139
Lindy Waters III,OKC,26,6,8,2,3,4,8,6,13,7,12,24,60,49,104
Lonnie Walker IV,BKN,25,61,102,19,50,24,69,16,35,12,28,76,207,208,491
Luguentz Dort,OKC,25,92,160,24,56,16,45,23,60,23,55,110,281,288,657
Luka Dončić,DAL,25,202,266,185,338,133,304,4,15,3,11,277,713,804,1647
Luka Garza,MIN,25,13,20,13,21,1,2,1,2,0,0,8,30,36,75
Luka Samanic,UTA,24,33,50,13,43,1,1,5,17,2,9,6,38,60,158
Luke Kennard,MEM,28,14,23,8,26,12,28,5,16,6,12,96,210,141,315
Luke Kornet,BOS,28,136,180,3,19,2,3,0,0,0,0,1,1,142,203
Malachi Flynn,DET,26,41,68,17,50,22,38,5,17,7,10,44,142,136,325
Malaki Branham,SAS,21,96,144,52,130,30,86,11,35,17,39,65,194,271,628
Malcolm Brogdon,POR,31,76,131,26,73,34,93,6,16,6,10,70,173,218,496
Malik Beasley,MIL,27,48,72,27,62,21,46,44,94,61,131,119,317,320,722
Malik Monk,SAC,26,124,195,78,174,46,101,10,31,15,32,123,360,396,893
MarJon Beauchamp,MIL,23,33,52,8,19,10,20,4,13,10,18,16,44,81,166
Marcus Morris Sr.,CLE,34,17,27,18,44,33,74,8,25,7,12,33,81,116,263
Marcus Sasser,DET,23,36,58,55,120,38,94,12,20,4,17,74,203,219,512
Marcus Smart,MEM,30,19,29,32,57,9,17,7,20,4,14,31,98,102,235
Mark Williams,CHA,22,88,124,10,26,0,1,0,0,0,0,0,0,98,151
Markelle Fultz,ORL,26,88,145,42,101,20,62,0,8,3,5,1,4,154,325
Markieff Morris,DAL,34,2,5,3,7,3,14,2,6,3,4,10,32,23,68
Marvin Bagley III,WAS,25,178,261,42,93,10,31,2,2,1,5,6,16,239,408
Mason Plumlee,LAC,34,71,109,16,37,0,1,0,2,0,2,0,2,87,153
Matisse Thybulle,POR,27,31,52,13,29,2,5,18,51,18,44,44,135,126,316
Matt Ryan,NOP,27,2,3,3,7,3,12,7,13,9,16,25,62,49,113
Max Christie,LAL,21,30,50,16,48,15,25,16,33,6,18,20,66,103,240
Max Strus,CLE,28,110,190,18,43,8,16,26,72,12,42,129,362,303,725
Maxi Kleber,DAL,32,22,29,5,15,4,10,5,20,3,13,24,59,63,146
Michael Porter Jr.,DEN,26,152,219,42,100,108,206,36,87,17,35,167,431,522,1078
Mikal Bridges,BKN,27,162,261,109,262,73,179,39,100,43,105,137,382,563,1289
Mike Conley,MIN,36,53,77,47,116,15,46,24,47,24,51,131,307,294,644
Mike Muscala,OKC,33,19,34,6,15,3,12,2,10,8,14,18,71,56,156
Miles Bridges,CHA,26,272,416,81,204,49,140,18,50,12,41,127,352,559,1203
Miles McBride,NYK,23,56,87,17,47,23,53,25,60,23,50,61,154,205,451
Mitchell Robinson,NYK,26,71,122,2,5,0,0,0,0,0,0,0,0,73,127
Mo Bamba,PHI,26,62,101,7,23,3,10,0,3,1,5,24,56,97,198
Monte Morris,MIN,29,10,19,9,29,16,35,10,19,1,4,16,45,62,151
Moritz Wagner,ORL,27,261,354,31,74,2,9,5,15,9,25,24,74,332,551
Moses Brown,POR,24,25,44,8,19,0,2,0,0,0,0,0,0,33,65
Moses Moody,GSW,22,71,101,39,85,12,34,9,29,8,26,55,145,194,420
Myles Turner,IND,28,209,297,97,199,54,89,3,9,10,32,103,282,476,908
Naji Marshall,NOP,26,57,98,45,93,10,26,19,43,15,38,23,61,169,359
Nassir Little,PHX,24,24,34,8,13,4,7,5,16,3,9,13,45,57,124
Nate Williams,HOU,25,22,29,3,15,0,1,1,2,0,2,1,1,27,50
Naz Reid,MIN,24,155,244,75,180,7,19,25,60,23,56,121,290,406,849
Neemias Queta,BOS,24,55,74,10,28,2,2,0,0,0,0,0,0,67,104
Nic Claxton,BKN,25,290,396,68,165,7,16,1,2,0,2,0,1,366,582
Nick Richards,CHA,26,223,294,31,63,6,18,0,0,0,0,0,1,260,376
Nick Smith Jr.,CHA,20,12,31,22,53,16,59,11,22,9,15,43,108,113,288
Nickeil Alexander-Walker,MIN,25,64,105,27,64,14,34,35,88,38,76,58,169,236,536
Nicolas Batum,PHI,35,34,53,5,6,4,12,23,51,21,52,29,81,116,255
Nikola Jokić,DEN,29,335,477,330,535,74,168,2,5,0,3,81,215,822,1403
Nikola Jović,MIA,21,35,63,24,47,3,8,11,24,12,25,42,114,127,281
Nikola Vučević,CHI,33,207,327,186,349,101,222,2,9,5,11,85,293,586,1211
Noah Clowney,BKN,19,32,43,6,17,0,0,5,8,5,13,2,12,50,93
Norman Powell,LAC,31,104,151,68,155,34,78,45,90,25,38,97,254,373,766
OG Anunoby,NYK,26,138,197,20,66,22,47,38,82,22,54,42,131,282,577
Obi Toppin,IND,26,203,260,23,54,4,12,31,72,12,32,59,146,332,576
Ochai Agbaji,TOR,24,100,153,10,53,6,16,18,50,19,49,25,111,178,432
Olivier-Maxence Prosper,DAL,21,25,43,0,10,2,6,6,20,0,5,7,20,40,104
Omer Yurtseven,UTA,26,51,75,40,77,3,8,1,3,2,8,2,13,99,184
Onuralp Bitim,CHI,25,12,19,4,12,4,9,2,10,2,5,8,29,32,84
Onyeka Okongwu,ATL,23,168,227,30,66,2,3,6,19,16,32,1,17,223,364
Orlando Robinson,MIA,23,19,32,9,20,0,5,2,2,2,2,4,11,36,72
Oshae Brissett,BOS,26,42,67,10,27,1,4,4,15,4,10,7,30,68,153
Ousmane Dieng,OKC,21,19,26,5,12,4,8,7,11,4,11,10,48,49,116
P.J. Tucker,LAC,39,4,7,0,6,1,2,5,15,8,20,0,0,18,50
P.J. Washington,DAL,25,132,195,82,179,8,24,16,66,12,50,104,295,354,809
Paolo Banchero,ORL,21,269,419,118,302,134,335,1,11,6,16,112,322,640,1405
Pascal Siakam,IND,30,332,469,192,384,72,172,15,33,19,42,51,171,681,1271
Pat Connaughton,MIL,31,59,82,9,26,1,1,19,41,20,58,43,139,151,347
Patrick Baldwin Jr.,WAS,21,26,38,2,14,0,6,2,7,5,11,24,79,59,155
Patrick Beverley,MIL,35,45,75,48,109,4,14,14,26,13,33,34,122,158,379
Patrick Williams,CHI,22,57,103,18,53,25,55,8,21,13,27,38,100,159,359
Patty Mills,MIA,35,8,11,3,14,11,19,5,14,4,13,15,60,46,131
Paul George,LAC,34,134,200,75,161,130,287,21,39,19,53,203,495,582,1235
Paul Reed,PHI,25,169,263,48,115,21,45,4,11,1,7,16,39,259,480
Payton Pritchard,BOS,26,83,112,26,68,41,73,23,56,21,48,102,273,296,630
Peyton Watson,DEN,21,109,171,40,90,14,34,9,32,11,37,25,77,208,441
Precious Achiuwa,NYK,24,179,271,27,84,3,17,7,30,7,16,12,51,235,469
Quentin Grimes,DET,24,36,64,3,9,2,15,24,64,4,19,53,157,122,328
RJ Barrett,TOR,24,244,366,89,222,13,42,9,28,27,63,54,159,436,880
Rayan Rupert,POR,20,15,35,10,36,1,12,7,20,3,7,18,51,54,161
Reggie Bullock Jr.,HOU,33,4,4,1,5,2,6,9,17,7,12,11,38,34,82
Reggie Jackson,DEN,34,105,184,73,172,46,116,10,29,14,31,78,220,326,752
Richaun Holmes,WAS,30,65,97,15,43,1,4,1,2,0,0,0,1,82,147
Ricky Council IV,PHI,22,26,41,14,35,2,4,2,6,2,4,8,22,54,112
Robert Covington,PHI,33,17,28,6,11,1,3,2,6,5,10,12,40,43,98
Royce O'Neale,PHX,31,42,69,13,42,3,6,23,50,10,26,123,339,214,532
Rudy Gobert,MIN,32,377,512,26,88,3,11,0,0,0,0,0,2,406,613
Rui Hachimura,LAL,26,179,235,50,123,36,86,32,67,17,42,49,123,363,676
Russell Westbrook,LAC,35,191,322,44,122,24,65,8,31,11,37,23,86,301,663
Saben Lee,PHX,25,13,28,5,10,0,1,1,6,0,4,1,6,20,55
Saddiq Bey,ATL,25,141,229,27,86,9,24,39,128,14,49,60,180,290,696
Sam Hauser,BOS,26,28,46,14,28,10,19,23,51,37,72,137,340,249,556
Sam Merrill,CLE,28,8,16,7,18,0,5,18,43,13,29,112,281,158,392
Sandro Mamukelashvili,SAS,25,37,58,13,26,4,7,1,8,4,11,14,42,73,152
Santi Aldama,MEM,23,92,146,41,91,8,27,18,46,10,49,78,209,247,568
Sasha Vezenkov,SAC,28,31,42,7,25,1,4,9,20,7,18,29,81,84,190
Scoot Henderson,POR,20,107,226,64,169,49,134,7,20,4,14,76,230,307,793
Scottie Barnes,TOR,22,210,301,94,236,41,108,6,25,10,23,86,248,447,941
Scotty Pippen Jr.,MEM,23,49,76,16,44,5,11,1,3,3,5,26,64,100,203
Seth Curry,CHA,33,12,15,9,21,21,60,13,21,5,19,20,67,80,203
Shaedon Sharpe,POR,21,71,131,20,64,25,59,8,20,3,13,49,144,176,431
Shai Gilgeous-Alexander,OKC,25,312,451,223,431,166,336,8,13,1,4,86,252,796,1487
Shake Milton,NYK,27,31,54,22,54,8,23,5,11,6,16,7,36,79,194
Simone Fontecchio,DET,28,79,120,30,74,9,20,29,73,36,77,69,184,252,548
Skylar Mays,LAL,26,17,39,21,47,9,19,2,4,0,4,14,46,63,159
Spencer Dinwiddie,LAL,31,70,117,47,120,10,35,20,38,28,56,76,272,251,638
Stanley Umude,DET,25,7,13,4,12,2,6,4,13,10,16,10,24,37,84
Stephen Curry,GSW,36,108,169,109,217,76,183,22,42,20,36,315,796,650,1443
Svi Mykhailiuk,BOS,27,12,18,2,6,1,5,14,23,2,7,26,77,57,136
T.J. McConnell,IND,32,134,192,119,232,59,125,2,4,4,5,12,34,330,592
Talen Horton-Tucker,UTA,23,75,133,42,110,7,40,9,22,4,16,47,142,184,463
Tari Eason,HOU,23,52,96,11,28,7,15,2,4,3,12,13,34,88,189
Taurean Prince,LAL,30,62,99,37,87,13,30,32,83,26,76,83,194,253,569
Taylor Hendricks,UTA,20,38,54,14,33,3,13,15,33,18,43,20,64,108,240
Terance Mann,LAC,27,134,177,42,88,7,24,26,65,17,45,28,93,254,492
Terry Rozier,MIA,30,117,218,104,214,72,156,30,78,16,52,103,278,442,996
Thaddeus Young,PHX,36,45,68,17,30,2,3,1,4,0,0,0,3,65,108
Theo Maledon,PHX,23,8,19,7,17,0,4,1,4,1,4,3,20,20,68
Thomas Bryant,MIA,26,61,81,17,33,4,13,1,2,1,5,2,15,86,149
Tim Hardaway Jr.,DAL,32,75,112,35,93,71,174,25,73,36,82,150,439,392,973
Tobias Harris,PHI,31,199,306,117,255,56,132,8,35,20,35,63,188,463,951
Torrey Craig,CHI,33,36,61,9,28,3,9,16,41,9,31,35,81,108,251
Tosan Evbuomwan,DET,23,18,29,6,10,0,0,7,15,4,10,1,7,36,71
Toumani Camara,POR,24,118,192,18,63,3,11,14,40,13,39,31,93,197,438
Trae Young,ATL,25,84,149,119,265,55,125,5,12,7,15,163,437,433,1003
Trayce Jackson-Davis,GSW,24,205,269,26,60,2,2,0,0,0,0,0,1,233,332
Tre Jones,SAS,24,161,231,65,145,14,34,13,37,16,41,34,110,303,598
Tre Mann,CHA,23,59,93,32,65,7,32,6,15,7,12,34,99,145,316
Trendon Watford,BKN,23,83,121,48,107,6,15,5,13,2,11,20,44,164,311
Trent Forrest,ATL,26,14,26,16,51,2,3,1,4,0,1,1,5,34,90
Trey Jemison III,MEM,24,55,87,18,38,2,11,0,0,0,0,0,0,75,136
Trey Lyles,SAC,28,49,71,8,19,2,12,18,47,14,38,52,131,143,318
Trey Murphy III,NOP,24,74,96,27,62,5,18,21,47,16,48,132,349,275,620
Tristan Thompson,CLE,33,56,85,17,32,0,1,0,0,0,0,0,0,73,118
Tristan Vukcevic,WAS,21,13,19,5,8,1,4,0,1,0,2,10,33,29,67
Troy Brown Jr.,DET,24,20,40,6,22,11,23,7,25,7,24,33,90,84,224
Tyler Herro,MIA,24,44,85,97,187,51,130,2,10,17,32,113,290,324,734
Tyrese Haliburton,IND,24,140,205,84,160,81,148,4,14,11,33,180,484,500,1044
Tyrese Maxey,PHI,23,249,392,125,310,52,148,13,24,12,21,187,521,638,1416
Tyus Jones,WAS,28,66,103,115,225,39,82,18,43,12,22,76,191,326,666
Vasilije Micic,CHA,30,75,116,16,54,25,46,2,11,0,3,41,140,159,370
Victor Wembanyama,SAS,20,277,396,82,206,64,190,7,11,5,11,116,371,551,1185
Vince Williams Jr.,MEM,23,68,104,19,51,3,15,17,43,9,32,53,134,169,379
Vít Krejčí,ATL,24,14,19,7,14,2,3,4,13,3,6,21,49,51,104
Walker Kessler,UTA,22,208,282,17,46,0,3,2,12,2,7,0,0,229,350
Wendell Carter Jr.,ORL,25,120,168,31,70,8,16,11,35,13,37,40,99,223,425
Wesley Matthews,ATL,37,5,13,4,9,1,6,7,12,5,17,12,40,34,97
Xavier Tillman,BOS,25,67,113,32,78,2,7,5,31,5,20,10,30,121,279
Yuta Watanabe,MEM,29,9,13,5,11,2,7,5,19,5,18,15,48,41,116
Zach Collins,SAS,26,138,205,83,178,19,52,4,13,2,6,52,162,298,616
Zach LaVine,CHI,29,69,115,12,29,30,63,9,17,5,14,45,138,170,376
Zavier Simpson,DET,27,6,14,3,16,3,7,0,1,0,1,5,15,17,54
Zeke Nnaji,DEN,23,58,106,5,15,0,5,0,3,2,6,4,14,69,149
Ziaire Williams,MEM,22,66,99,11,46,15,44,10,36,17,41,31,110,150,376
Zion Williamson,NOP,23,486,721,129,338,3,17,1,1,1,1,4,16,624,1094
